{
  "project_info": {
    "project_number": "193535359282",
    "project_id": "chocolate-shop-app",
    "storage_bucket": "chocolate-shop-app.firebasestorage.app"
  },
  "client": [
    {
      "client_info": {
        "mobilesdk_app_id": "1:193535359282:android:69ec9530d79c1e15c9ff2b",
        "android_client_info": {
          "package_name": "com.example.chocolateshop"
        }
      },
      "oauth_client": [],
      "api_key": [
        {
          "current_key": "AIzaSyDIRPAoBDo8_uxe_OozTXcbnEDJoBy6elY"
        }
      ],
      "services": {
        "appinvite_service": {
          "other_platform_oauth_client": []
        }
      }
    }
  ],
  "configuration_version": "1"
}
